{"1409":[[-83.02692413330078,39.992916107177734],[-83.02693939208984,39.99290466308594],[-83.02694702148438,39.99291229248047],[-83.02694702148438,39.99291229248047],[-83.02694702148438,39.99291229248047],[-83.02691650390625,39.992942810058594],[-83.02692413330078,39.99293518066406],[-83.02692413330078,39.99293518066406],[-83.02692413330078,39.99293518066406],[-83.02689361572266,39.99296569824219],[-83.02685546875,39.99298095703125],[-83.02687072753906,39.992958068847656],[-83.02691650390625,39.992916107177734],[-83.02230834960938,39.99946594238281],[-83.02232360839844,39.9995231628418],[-83.02192687988281,40.00117492675781],[-83.02192687988281,40.00117492675781],[-83.02192687988281,40.00117492675781],[-83.02192687988281,40.00117492675781],[-83.02117919921875,40.00300216674805],[-83.01968383789062,40.00370788574219],[-83.01968383789062,40.00370788574219],[-83.01968383789062,40.00370788574219],[-83.01595306396484,40.00408172607422],[-83.01595306396484,40.00408172607422],[-83.01390075683594,40.00398254394531],[-83.01390075683594,40.00398254394531],[-83.01390075683594,40.00398254394531],[-83.01319885253906,40.00394821166992],[-83.01319122314453,40.00390625],[-83.01127624511719,40.00376892089844],[-83.01127624511719,40.00376892089844],[-83.01127624511719,40.00376892089844],[-83.01115417480469,40.003780364990234],[-83.01115417480469,40.003780364990234],[-83.01115417480469,40.003780364990234],[-83.01056671142578,40.00375747680664],[-83.01056671142578,40.00375747680664],[-83.01056671142578,40.00375747680664],[-83.00887298583984,40.00368881225586],[-83.00858306884766,40.00243377685547],[-83.00858306884766,40.00243377685547],[-83.00858306884766,40.00243377685547],[-83.00822448730469,40.000606536865234],[-83.00822448730469,40.000606536865234],[-83.00818634033203,40.00012969970703],[-83.00814056396484,39.99979782104492],[-83.00814056396484,39.99979782104492],[-83.00814056396484,39.99979782104492],[-83.00804901123047,39.99961471557617],[-83.00804901123047,39.99961471557617],[-83.00804901123047,39.99961471557617],[-83.00778198242188,39.99827194213867],[-83.00780487060547,39.99805450439453],[-83.00780487060547,39.99805450439453],[-83.00780487060547,39.99805450439453],[-83.00774383544922,39.99761199951172],[-83.0075912475586,39.99695587158203],[-83.0075912475586,39.99695587158203],[-83.00778198242188,39.99685287475586]],"1422":[[-82.82633209228516,39.98123550415039],[-82.82633972167969,39.98123550415039],[-82.82633972167969,39.98123550415039],[-82.82633972167969,39.98123550415039],[-82.82633972167969,39.98123550415039],[-82.82634735107422,39.98123550415039],[-82.82635498046875,39.98123550415039],[-82.82635498046875,39.98123550415039],[-82.8252182006836,39.98139572143555],[-82.8252182006836,39.98139572143555],[-82.8237075805664,39.98155975341797],[-82.82115936279297,39.981849670410156],[-82.81793975830078,39.98222351074219],[-82.9428939819336,39.945709228515625],[-82.94400024414062,39.950687408447266],[-82.94862365722656,39.953224182128906],[-82.94862365722656,39.953224182128906],[-82.94862365722656,39.953224182128906],[-82.95561218261719,39.95347595214844],[-82.95561218261719,39.95347595214844],[-82.962646484375,39.95368576049805],[-82.962646484375,39.95368576049805],[-82.96891021728516,39.953826904296875],[-82.97576141357422,39.95442581176758],[-82.97576141357422,39.95442581176758],[-82.98160552978516,39.95556640625],[-82.98160552978516,39.95556640625],[-82.98160552978516,39.95556640625],[-82.98709106445312,39.954681396484375],[-82.9928970336914,39.95384979248047],[-82.99805450439453,39.95325469970703],[-82.99805450439453,39.95325469970703],[-82.99805450439453,39.95325469970703],[-83.00404357910156,39.95355224609375],[-83.00404357910156,39.95355224609375],[-83.00404357910156,39.95355224609375],[-83.010009765625,39.95304489135742],[-83.010009765625,39.95304489135742],[-83.010009765625,39.95304489135742],[-83.01588439941406,39.95143127441406],[-83.0221939086914,39.95018005371094],[-83.0221939086914,39.95018005371094],[-83.02867126464844,39.948795318603516],[-83.02867126464844,39.948795318603516],[-83.02867126464844,39.948795318603516],[-83.03368377685547,39.94777297973633],[-83.03800201416016,39.949066162109375],[-83.03800201416016,39.949066162109375],[-83.03800201416016,39.949066162109375],[-83.03854370117188,39.95127487182617],[-83.0370864868164,39.95152282714844],[-83.0370864868164,39.95152282714844],[-83.03721618652344,39.953216552734375],[-83.03721618652344,39.953216552734375],[-83.03740692138672,39.954139709472656],[-83.03740692138672,39.954139709472656],[-83.03756713867188,39.9549674987793],[-83.03756713867188,39.9549674987793],[-83.03756713867188,39.9549674987793],[-83.0380630493164,39.95748519897461]],"2934":[[-82.94744873046875,39.9338264465332],[-82.95030212402344,39.93393325805664],[-82.95358276367188,39.93409729003906],[-82.95358276367188,39.93409729003906],[-82.95358276367188,39.93409729003906],[-82.95882415771484,39.9343376159668],[-82.95882415771484,39.9343376159668],[-82.95882415771484,39.9343376159668],[-82.96204376220703,39.93449020385742],[-82.9642562866211,39.93461608886719],[-82.9642562866211,39.93461608886719],[-82.96631622314453,39.934696197509766],[-82.9691390991211,39.93482971191406],[-83.04237365722656,39.96510314941406],[-83.04237365722656,39.96510314941406],[-83.04237365722656,39.96510314941406],[-83.04237365722656,39.96510314941406],[-83.04237365722656,39.96510314941406],[-83.0428466796875,39.96498489379883],[-83.0428466796875,39.96498489379883],[-83.0428466796875,39.96498489379883],[-83.0428466796875,39.96498489379883],[-83.0428466796875,39.96498489379883],[-83.0428466796875,39.96498489379883],[-83.0428466796875,39.96498489379883],[-83.0428466796875,39.96498489379883],[-83.0428466796875,39.96498489379883],[-83.0428466796875,39.96498489379883],[-83.0428466796875,39.96498489379883],[-83.0428466796875,39.96498489379883],[-83.0428466796875,39.96498489379883],[-83.0428466796875,39.96498489379883],[-83.0428466796875,39.96498489379883],[-83.0428466796875,39.96498489379883],[-83.0428466796875,39.96498489379883],[-83.0428466796875,39.96498489379883],[-83.0428466796875,39.96498489379883],[-83.0428466796875,39.96498489379883],[-83.0428466796875,39.96498489379883],[-83.0428466796875,39.96498489379883],[-83.0428466796875,39.96498489379883],[-83.0428466796875,39.96498489379883],[-83.0428466796875,39.96498489379883],[-83.0428466796875,39.96498489379883],[-83.0428466796875,39.96498489379883],[-83.0428466796875,39.96498489379883],[-83.0428466796875,39.96498489379883],[-83.0428466796875,39.96498489379883],[-83.0428466796875,39.96498489379883],[-83.0428466796875,39.96498489379883],[-83.0428466796875,39.96498489379883],[-83.0428466796875,39.96498489379883],[-83.0428466796875,39.96498489379883],[-83.0428466796875,39.96498489379883],[-83.0428466796875,39.96498489379883],[-83.0428466796875,39.96498489379883],[-83.0428466796875,39.96498489379883],[-83.0428466796875,39.96498489379883],[-83.0428466796875,39.96498489379883],[-83.0428466796875,39.96498489379883]]}